Begin Rod,Weather,Time,Level,,difficulty,motionType,minFishSize,maxFishSize,time,season(ignored),weather,favourite bait(not used),Optimal depth,base chance?,depth penalty?,req level,,,RNG,,,,Water depth,1,Weather,Sunny,Recalc Y ->
,,First Pair Only,,0,1,2,3,4,5,6,7,8,9,10,11,12,num1,num2,num3,Independent chance,Curiosity Chance,,Fishing level,0,Time,600,
1,1,1,1,129 Anchovy,30,dart,1,16,600 2600,spring fall,both,682 .2,1,0.25,0.3,0,0.25,0.075,0.25,25.00%,25.00%,10.58%,Curiorisy Lure,N,Train Rod,N,
1,1,1,1,131 Sardine,30,dart,1,12,600 1900,spring summer fall winter,both,683 .3,1,0.65,0.1,0,0.65,0.065,0.65,65.00%,65.00%,33.27%,,,Total Chance,93.41%,
1,1,1,1,147 Herring,25,dart,8,20,600 2600,spring winter,both,685 .2,1,0.45,0.1,0,0.45,0.045,0.45,45.00%,45.00%,20.70%,,,,,
1,0,0,1,148 Eel,70,smooth,12,80,1600 2600,spring fall,rainy,689 .35 680 .1,3,0.55,0.1,0,0.55,0.055,0.44,0.00%,0.00%,0.00%,,,,,
1,1,1,1,152 Seaweed,5,floater,5,30,600 2600,spring summer fall winter,both,-1,0,0.3,0,0,0.3,0,0.3,30.00%,30.00%,12.94%,,,,,
1,1,1,1,708 Halibut,50,sinker,10,33,600 1100,spring summer winter,both,681 .35,3,0.4,0.2,0,0.4,0.08,0.24,24.00%,24.00%,10.12%,,,,,
1,1,0,1,708 Halibut,50,sinker,10,33,1900 2600,spring summer winter,both,681 .35,3,0.4,0.2,0,0.4,0.08,0.24,0.00%,0.00%,0.00%,,,,,
1,1,1,1,267 Flounder,50,sinker,4,16,600 2000,spring summer,both,680 .25,2,0.15,0.05,0,0.15,0.0075,0.1425,14.25%,14.25%,5.80%,,,,,