Begin Rod,Weather,Time,Level,,difficulty,motionType,minFishSize,maxFishSize,time,season(ignored),weather,favourite bait(not used),Optimal depth,base chance?,depth penalty?,req level,,,RNG,,,,Water depth,5,Weather,Rainy,Recalc Y ->
,,First Pair Only,,0,1,2,3,4,5,6,7,8,9,10,11,12,num1,num2,num3,Independent chance,Curiosity Chance,,Fishing level,3,Time,1200,
1,1,1,1,143 Catfish,75,mixed,12,72,600 2400,spring fall winter,rainy,689 .4 680 .1,4,0.4,0.1,0,0.4,0.04,0.46,46.00%,46.00%,18.17%,Curiorisy Lure,N,Train Rod,,
1,1,1,1,139 Salmon,50,mixed,24,65,600 1900,fall,both,684 .35,3,0.4,0.2,0,0.4,0.08,0.46,46.00%,46.00%,18.17%,,,Total Chance,96.01%,
1,1,0,1,132 Bream,35,smooth,12,30,1800 2600,spring summer fall winter,both,684 .35,1,0.45,0.1,0,0.45,0.045,0.51,0.00%,0.00%,0.00%,,,,,
1,1,1,1,153 Green Algae,5,floater,5,30,600 2600,spring summer fall winter,both,-1,0,0.3,0,0,0.3,0,0.36,36.00%,36.00%,13.67%,,,,,
1,1,1,1,706 Shad,45,smooth,20,48,900 2600,spring summer fall,rainy,684 .35,2,0.35,0.2,0,0.35,0.07,0.41,41.00%,41.00%,15.87%,,,,,
1,1,1,1,702 Chub,35,dart,12,24,600 2600,spring summer fall winter,both,684 .35,1,0.45,0.1,0,0.45,0.045,0.51,51.00%,51.00%,20.59%,,,,,
1,1,1,1,699 Tiger Trout,60,dart,10,20,600 1900,spring summer fall winter,both,688 .45 685 .2,3,0.2,0.1,0,0.2,0.02,0.26,26.00%,26.00%,9.53%,,,,,