Begin Rod,Weather,Time,Level,,difficulty,motionType,minFishSize,maxFishSize,time,season(ignored),weather,favourite bait(not used),Optimal depth,base chance?,depth penalty?,req level,,,RNG,,,,Water depth,1,Weather,Rainy,Recalc Y ->
,,First Pair Only,,0,1,2,3,4,5,6,7,8,9,10,11,12,num1,num2,num3,Independent chance,Curiosity Chance,,Fishing level,0,Time,600,
1,0,1,1,145 Sunfish,30,mixed,5,15,600 1900,spring summer,sunny,683 .2,1,0.45,0.1,0,0.45,0.045,0.45,0.00%,0.00%,0.00%,Curiorisy Lure,N,Train Rod,Y,
1,0,1,1,138 Rainbow Trout,45,mixed,10,25,600 1900,summer,sunny,684 .35,2,0.35,0.3,0,0.35,0.105,0.245,0.00%,0.00%,0.00%,,,Total Chance,71.82%,
1,1,0,1,132 Bream,35,smooth,12,30,1800 2600,spring summer fall winter,both,684 .35,1,0.45,0.1,0,0.45,0.045,0.45,0.00%,0.00%,0.00%,,,,,
0,1,1,1,144 Pike,60,dart,15,60,600 2600,summer winter,both,690 .3 681 .1,3,0.4,0.15,0,0.4,0.06,0.28,0.00%,0.00%,0.00%,,,,,
1,1,1,1,153 Green Algae,5,floater,5,30,600 2600,spring summer fall winter,both,-1,0,0.3,0,0,0.3,0,0.3,30.00%,30.00%,26.82%,,,,,
1,1,0,1,706 Shad,45,smooth,20,48,900 2600,spring summer fall,rainy,684 .35,2,0.35,0.2,0,0.35,0.07,0.28,0.00%,0.00%,0.00%,,,,,
0,1,1,1,704 Dorado,78,mixed,24,32,600 1900,summer,both,689 .35 681 .1,3,0.15,0.1,0,0.15,0.015,0.12,0.00%,0.00%,0.00%,,,,,
1,1,1,1,702 Chub,35,dart,12,24,600 2600,spring summer fall winter,both,684 .35,1,0.45,0.1,0,0.45,0.045,0.45,45.00%,45.00%,45.00%,,,,,