Begin Rod,Weather,Time,Level,,difficulty,motionType,minFishSize,maxFishSize,time,season(ignored),weather,favourite bait(not used),Optimal depth,base chance?,depth penalty?,req level,,,RNG,,,,Water depth,5,Weather,Rainy,Recalc Y ->
,,First Pair Only,,0,1,2,3,4,5,6,7,8,9,10,11,12,num1,num2,num3,Independent chance,Curiosity Chance,,Fishing level,3,Time,1200,
1,1,1,1,153 Green Algae,5,floater,5,30,600 2600,spring summer fall winter,both,-1,0,0.3,0,0,0.3,0,0.36,36.00%,36.00%,21.36%,Curiorisy Lure,N,Train Rod,Y,
1,1,1,1,140 Walleye,45,smooth,10,40,1200 2600,fall winter,rainy,680 .35,2,0.4,0.15,0,0.4,0.06,0.46,46.00%,46.00%,28.81%,,,Total Chance,83.07%,
1,1,1,1,137 Smallmouth Bass,28,mixed,12,24,600 2600,spring fall,both,682 .2,1,0.45,0.1,0,0.45,0.045,0.51,51.00%,51.00%,32.91%,,,,,
,,,,269,,,,,,,,,,,,,,,,,,0.00%,,,,,