Begin Rod,Weather,Time,Level,,difficulty,motionType,minFishSize,maxFishSize,time,season(ignored),weather,favourite bait(not used),Optimal depth,base chance?,depth penalty?,req level,,,RNG,,,,Water depth,3,Weather,Sunny,Recalc Y ->,
,,First Pair Only,,0,1,2,3,4,5,6,7,8,9,10,11,12,num1,num2,num3,Independent chance,Curiosity Chance,,Fishing level,1,Time,1200,,
1,1,1,1,"136 ""Largemouth Bass",50,mixed,11,30,600 1900,spring summer fall winter,both,685 .35,3,0.4,0.2,0,0.4,0.08,0.42,42.00%,42.00%,0.00%,Curiorisy Lure,N,Train Rod,N,,0.42
1,1,1,1,"142 ""Carp",15,mixed,15,50,600 2600,spring summer fall,both,682 .2,1,0.45,0.1,0,0.45,0.045,0.47,47.00%,47.00%,22.54%,,,Total Chance,94.65%,,
1,1,1,1,"153 ""Green Algae",5,floater,5,30,600 2600,spring summer fall winter,both,-1,0,0.3,0,0,0.3,0,0.32,32.00%,32.00%,14.91%,,,,,,
1,1,1,1,"138 ""Rainbow Trout",45,mixed,10,25,600 1900,summer,sunny,684 .35,2,0.35,0.3,0,0.35,0.105,0.37,37.00%,37.00%,17.33%,,,,,,
1,1,1,1,"702 ""Chub",35,dart,12,24,600 2600,spring summer fall winter,both,684 .35,1,0.45,0.1,0,0.45,0.045,0.47,47.00%,47.00%,22.54%,,,,,,
1,1,1,1,"700 ""Bullhead",46,smooth,12,30,600 2600,spring summer fall winter,both,681 .25,2,0.35,0.2,0,0.35,0.07,0.37,37.00%,37.00%,17.33%,,,,,,
1,1,1,1,"698 ""Sturgeon",78,mixed,12,60,600 1900,summer winter,both,689 .35 682 .1,3,0.35,0.2,0,0.35,0.07,0.37,37.00%,37.00%,0.00%,,,,,,