Begin Rod,Weather,Time,Level,,difficulty,motionType,minFishSize,maxFishSize,time,season(ignored),weather,favourite bait(not used),Optimal depth,base chance?,depth penalty?,req level,,,RNG,,,,Water depth,5,Weather,Sunny,Recalc Y ->
,,First Pair Only,,0,1,2,3,4,5,6,7,8,9,10,11,12,num1,num2,num3,Independent chance,Curiosity Chance,,Fishing level,3,Time,1200,
1,1,1,1,138 Rainbow Trout,45,mixed,10,25,600 1900,summer,sunny,684 .35,2,0.35,0.3,0,0.35,0.105,0.41,41.00%,41.00%,20.85%,Curiorisy Lure,N,Train Rod,N,
1,1,0,1,132 Bream,35,smooth,12,30,1800 2600,spring summer fall winter,both,684 .35,1,0.45,0.1,0,0.45,0.045,0.51,0.00%,0.00%,0.00%,,,Total Chance,90.01%,
1,1,1,1,144 Pike,60,dart,15,60,600 2600,summer winter,both,690 .3 681 .1,3,0.4,0.15,0,0.4,0.06,0.46,46.00%,46.00%,23.98%,,,,,
1,1,1,1,145 Sunfish,30,mixed,5,15,600 1900,spring summer,sunny,683 .2,1,0.45,0.1,0,0.45,0.045,0.51,51.00%,51.00%,27.30%,,,,,
1,1,1,1,153 Green Algae,5,floater,5,30,600 2600,spring summer fall winter,both,-1,0,0.3,0,0,0.3,0,0.36,36.00%,36.00%,17.88%,,,,,
1,0,1,1,706 Shad,45,smooth,20,48,900 2600,spring summer fall,rainy,684 .35,2,0.35,0.2,0,0.35,0.07,0.41,0.00%,0.00%,0.00%,,,,,