Begin Rod,Weather,Time,Level,,difficulty,motionType,minFishSize,maxFishSize,time,season(ignored),weather,favourite bait(not used),Optimal depth,base chance?,depth penalty?,req level,,,RNG,,,,Water depth,3,Weather,Rainy,Recalc Y ->
,,First Pair Only,,0,1,2,3,4,5,6,7,8,9,10,11,12,num1,num2,num3,Independent chance,Curiosity Chance,,Fishing level,1,Time,1850,
1,1,1,1,139 Salmon,50,mixed,24,65,600 1900,fall,both,684 .35,3,0.4,0.2,0,0.4,0.08,0.42,42.00%,42.00%,13.31%,Curiorisy Lure,N,Train Rod,N,
1,1,1,1,137 Smallmouth Bass,28,mixed,12,24,600 2600,spring fall,both,682 .2,1,0.45,0.1,0,0.45,0.045,0.47,47.00%,47.00%,15.16%,,,Total Chance,97.65%,
1,1,1,1,132 Bream,35,smooth,12,30,1800 2600,spring summer fall winter,both,684 .35,1,0.45,0.1,0,0.45,0.045,0.47,47.00%,47.00%,15.37%,,,,,
1,1,1,1,140 Walleye,45,smooth,10,40,1200 2600,fall winter,rainy,680 .35,2,0.4,0.15,0,0.4,0.06,0.42,42.00%,42.00%,13.49%,,,,,
1,1,1,1,143 Catfish,75,mixed,12,72,600 2400,spring fall winter,rainy,689 .4 680 .1,4,0.4,0.1,0,0.4,0.04,0.38,38.00%,38.00%,12.05%,,,,,
1,1,1,1,153 Green Algae,5,floater,5,30,600 2600,spring summer fall winter,both,-1,0,0.3,0,0,0.3,0,0.32,32.00%,32.00%,9.95%,,,,,
1,1,1,1,706 Shad,45,smooth,20,48,900 2600,spring summer fall,rainy,684 .35,2,0.35,0.2,0,0.35,0.07,0.37,37.00%,37.00%,11.69%,,,,,
1,1,1,1,699 Tiger Trout,60,dart,10,20,600 1900,spring summer fall winter,both,688 .45 685 .2,3,0.2,0.1,0,0.2,0.02,0.22,22.00%,22.00%,6.64%,,,,,